Title,Bedrooms,Bathrooms,Parking,Floors,Road Access, Price (NPR) ,Area (sq.ft),Location
House for Sale,3,3,Available,3,14 ft," 23,420,000.00 ",2181,"Balkot, Suryabinayak-2, Bhaktapur"
House for Sale,4,3,Available,2,27 ft," 18,167,000.00 ",2005,"Dadhikot, Suryabinayak-4, Bhaktapur"
House for Sale,4,2,Available,2,22 ft," 24,878,000.00 ",2090,"Jhaukhel, Changunarayan-1, Bhaktapur"
House for Sale,4,2,Available,3,18 ft," 35,308,000.00 ",2006,"Sipadol, Suryabinayak-8, Bhaktapur"
House for Sale,3,3,Available,2,15 ft," 17,483,000.00 ",1543,"Bode, Madhyapur Thimi-8, Bhaktapur"
House for Sale,3,2,Available,1,28 ft," 17,483,000.00 ",1972,"Thimi, Madhyapur Thimi-5, Bhaktapur"
House for Sale,2,2,Available,3,14 ft," 36,111,000.00 ",2120,"Nagadesh, Madhyapur Thimi-4, Bhaktapur"
House for Sale,5,2,Not Available,1,26 ft," 26,099,000.00 ",2101,"Kamalbinayak, Bhaktapur-10, Bhaktapur"
House for Sale,4,1,Not Available,3,30 ft," 16,500,000.00 ",2275,"Byasi, Bhaktapur-5, Bhaktapur"
House for Sale,4,2,Available,2,18 ft," 23,854,000.00 ",2083,"Dattatreya, Bhaktapur-1, Bhaktapur"
House for Sale,2,2,Available,4,18 ft," 16,500,000.00 ",1940,"Kapan, Budhanilkantha-10, Kathmandu"
House for Sale,4,2,Available,2,31 ft," 16,500,000.00 ",2228,"Jorpati, Gokarneshwor-6, Kathmandu"
House for Sale,5,2,Available,2,28 ft," 21,151,000.00 ",1789,"Sundarijal, Gokarneshwor-1, Kathmandu"
House for Sale,3,4,Not Available,2,11 ft," 16,500,000.00 ",1447,"Sankhu, Shankharapur-5, Kathmandu"
House for Sale,3,3,Available,2,15 ft," 16,500,000.00 ",1734,"Pharping, Dakshinkali-7, Kathmandu"
House for Sale,3,3,Available,3,31 ft," 16,500,000.00 ",1502,"Tokha, Tokha-3, Kathmandu"
House for Sale,3,3,Available,4,10 ft," 16,500,000.00 ",1529,"Gongabu, Tokha-9, Kathmandu"
House for Sale,4,2,Not Available,2,29 ft," 21,772,000.00 ",1742,"Samakhusi, Kathmandu-26, Kathmandu"
House for Sale,3,1,Available,2,28 ft," 16,500,000.00 ",1483,"Balaju, Kathmandu-16, Kathmandu"
House for Sale,3,3,Available,3,9 ft," 16,500,000.00 ",1676,"Kalanki, Kathmandu-14, Kathmandu"
House for Sale,4,3,Available,3,31 ft," 34,507,000.00 ",1042,"Thankot, Chandragiri-4, Kathmandu"
House for Sale,3,3,Available,2,19 ft," 17,542,000.00 ",1885,"Naikap, Chandragiri-8, Kathmandu"
House for Sale,3,2,Available,2,13 ft," 19,726,000.00 ",1800,"Sitapaila, Nagarjun-4, Kathmandu"
House for Sale,3,2,Available,2,9 ft," 16,500,000.00 ",1473,"Goldhunga, Tarakeshwor-7, Kathmandu"
House for Sale,3,2,Available,3,28 ft," 16,500,000.00 ",2063,"Kirtipur, Kirtipur-10, Kathmandu"
House for Sale,4,2,Available,1,8 ft," 20,071,000.00 ",2175,"Chovar, Kirtipur-6, Kathmandu"
House for Sale,5,3,Available,3,19 ft," 16,500,000.00 ",1156,"Imadol, Mahalaxmi-4, Lalitpur"
House for Sale,4,3,Available,2,29 ft," 22,313,000.00 ",1494,"Lubhu, Mahalaxmi-8, Lalitpur"
House for Sale,4,2,Available,3,19 ft," 16,500,000.00 ",1492,"Tikathali, Mahalaxmi-5, Lalitpur"
House for Sale,2,5,Available,1,32 ft," 17,086,000.00 ",1424,"Harisiddhi, Lalitpur-28, Lalitpur"
House for Sale,4,3,Not Available,2,24 ft," 16,500,000.00 ",2131,"Satdobato, Lalitpur-15, Lalitpur"
House for Sale,3,2,Available,2,17 ft," 40,279,000.00 ",1722,"Lagankhel, Lalitpur-12, Lalitpur"
House for Sale,2,2,Available,3,23 ft," 19,097,000.00 ",1694,"Jawalakhel, Lalitpur-4, Lalitpur"
House for Sale,5,2,Available,1,22 ft," 16,500,000.00 ",998,"Pulchowk, Lalitpur-3, Lalitpur"
House for Sale,4,2,Available,2,22 ft," 26,680,000.00 ",2054,"Bungamati, Karyabinayak-4, Lalitpur"
House for Sale,5,2,Not Available,2,26 ft," 16,500,000.00 ",1304,"Khokana, Karyabinayak-5, Lalitpur"
House for Sale,3,2,Available,2,19 ft," 20,873,000.00 ",1823,"Godawari, Godawari-3, Lalitpur"
House for Sale,2,2,Not Available,3,30 ft," 16,500,000.00 ",1910,"Chapagaun, Godawari-12, Lalitpur"
House for Sale,4,2,Available,3,27 ft," 16,500,000.00 ",2344,"Balkot, Suryabinayak-1, Bhaktapur"
House for Sale,3,4,Available,3,32 ft," 20,773,000.00 ",1276,"Balkot, Suryabinayak-3, Bhaktapur"
House for Sale,3,1,Not Available,2,10 ft," 25,798,000.00 ",800,"Dadhikot, Suryabinayak-3, Bhaktapur"
House for Sale,3,3,Not Available,3,12 ft," 20,562,000.00 ",1873,"Dadhikot, Suryabinayak-5, Bhaktapur"
House for Sale,2,2,Not Available,2,26 ft," 18,332,000.00 ",2520,"Jhaukhel, Changunarayan-2, Bhaktapur"
House for Sale,5,5,Not Available,1,14 ft," 17,021,000.00 ",2295,"Sipadol, Suryabinayak-7, Bhaktapur"
House for Sale,3,2,Available,1,28 ft," 16,500,000.00 ",1883,"Sipadol, Suryabinayak-9, Bhaktapur"
House for Sale,4,2,Not Available,2,16 ft," 16,500,000.00 ",1603,"Bode, Madhyapur Thimi-7, Bhaktapur"
House for Sale,3,5,Available,3,14 ft," 16,500,000.00 ",2122,"Bode, Madhyapur Thimi-9, Bhaktapur"
House for Sale,4,4,Not Available,3,25 ft," 29,305,000.00 ",1410,"Thimi, Madhyapur Thimi-4, Bhaktapur"
House for Sale,4,4,Available,3,11 ft," 22,029,000.00 ",1990,"Thimi, Madhyapur Thimi-6, Bhaktapur"
House for Sale,3,2,Not Available,2,32 ft," 16,500,000.00 ",2002,"Nagadesh, Madhyapur Thimi-3, Bhaktapur"
House for Sale,4,2,Available,2,21 ft," 21,857,000.00 ",2224,"Nagadesh, Madhyapur Thimi-5, Bhaktapur"
House for Sale,4,3,Available,2,25 ft," 16,500,000.00 ",2903,"Kamalbinayak, Bhaktapur-9, Bhaktapur"
House for Sale,5,4,Available,2,16 ft," 16,500,000.00 ",1956,"Kamalbinayak, Bhaktapur-11, Bhaktapur"
House for Sale,5,3,Not Available,2,28 ft," 24,522,000.00 ",1596,"Byasi, Bhaktapur-4, Bhaktapur"
House for Sale,4,3,Available,1,9 ft," 29,000,000.00 ",1789,"Byasi, Bhaktapur-6, Bhaktapur"
House for Sale,5,2,Available,2,27 ft," 27,866,000.00 ",1092,"Dattatreya, Bhaktapur-2, Bhaktapur"
House for Sale,2,3,Available,2,22 ft," 16,500,000.00 ",1522,"Kapan, Budhanilkantha-9, Kathmandu"
House for Sale,3,2,Available,3,14 ft," 16,966,000.00 ",1636,"Kapan, Budhanilkantha-11, Kathmandu"
House for Sale,2,2,Not Available,4,19 ft," 21,920,000.00 ",1590,"Jorpati, Gokarneshwor-5, Kathmandu"
House for Sale,3,2,Available,4,15 ft," 28,364,000.00 ",1860,"Jorpati, Gokarneshwor-7, Kathmandu"
House for Sale,3,3,Not Available,3,22 ft," 16,500,000.00 ",1471,"Sundarijal, Gokarneshwor-2, Kathmandu"
House for Sale,3,2,Available,2,10 ft," 17,826,000.00 ",2248,"Sankhu, Shankharapur-4, Kathmandu"
House for Sale,5,2,Available,3,21 ft," 16,500,000.00 ",1800,"Sankhu, Shankharapur-6, Kathmandu"
House for Sale,3,3,Not Available,3,24 ft," 16,500,000.00 ",1796,"Pharping, Dakshinkali-6, Kathmandu"
House for Sale,3,2,Available,2,11 ft," 26,574,000.00 ",1668,"Pharping, Dakshinkali-8, Kathmandu"
House for Sale,4,3,Available,2,25 ft," 33,030,000.00 ",1862,"Tokha, Tokha-2, Kathmandu"
House for Sale,3,2,Available,3,15 ft," 18,655,000.00 ",2130,"Tokha, Tokha-4, Kathmandu"
House for Sale,5,2,Not Available,2,11 ft," 28,684,000.00 ",1453,"Gongabu, Tokha-8, Kathmandu"
House for Sale,2,3,Available,2,9 ft," 22,188,000.00 ",1536,"Gongabu, Tokha-10, Kathmandu"
House for Sale,6,1,Not Available,2,13 ft," 16,500,000.00 ",1678,"Samakhusi, Kathmandu-25, Kathmandu"
House for Sale,4,2,Not Available,2,29 ft," 22,186,000.00 ",1261,"Samakhusi, Kathmandu-27, Kathmandu"
House for Sale,3,2,Available,2,17 ft," 35,521,000.00 ",1472,"Balaju, Kathmandu-15, Kathmandu"
House for Sale,2,1,Available,2,11 ft," 18,927,000.00 ",1609,"Balaju, Kathmandu-17, Kathmandu"
House for Sale,5,5,Available,1,29 ft," 35,901,000.00 ",2149,"Kalanki, Kathmandu-13, Kathmandu"
House for Sale,4,2,Available,1,25 ft," 16,500,000.00 ",1905,"Kalanki, Kathmandu-15, Kathmandu"
House for Sale,4,4,Available,3,19 ft," 26,674,000.00 ",1877,"Thankot, Chandragiri-3, Kathmandu"
House for Sale,4,2,Available,2,9 ft," 19,880,000.00 ",2140,"Thankot, Chandragiri-5, Kathmandu"
House for Sale,2,3,Available,2,17 ft," 17,036,000.00 ",1745,"Naikap, Chandragiri-7, Kathmandu"
House for Sale,3,3,Not Available,2,11 ft," 19,918,000.00 ",1956,"Naikap, Chandragiri-9, Kathmandu"
House for Sale,3,3,Not Available,4,21 ft," 16,500,000.00 ",1758,"Sitapaila, Nagarjun-3, Kathmandu"
House for Sale,5,2,Not Available,2,23 ft," 17,585,000.00 ",1906,"Sitapaila, Nagarjun-5, Kathmandu"
House for Sale,4,2,Available,2,22 ft," 22,148,000.00 ",1566,"Goldhunga, Tarakeshwor-6, Kathmandu"
House for Sale,3,2,Available,3,15 ft," 34,677,000.00 ",824,"Goldhunga, Tarakeshwor-8, Kathmandu"
House for Sale,2,4,Available,3,21 ft," 16,500,000.00 ",1746,"Kirtipur, Kirtipur-9, Kathmandu"
House for Sale,3,4,Not Available,2,30 ft," 16,500,000.00 ",2369,"Kirtipur, Kirtipur-11, Kathmandu"
House for Sale,3,5,Available,3,32 ft," 16,500,000.00 ",2170,"Chovar, Kirtipur-5, Kathmandu"
House for Sale,4,2,Not Available,2,15 ft," 27,690,000.00 ",2186,"Chovar, Kirtipur-7, Kathmandu"
House for Sale,4,3,Available,2,28 ft," 21,898,000.00 ",2294,"Imadol, Mahalaxmi-3, Lalitpur"
House for Sale,5,4,Available,2,23 ft," 16,500,000.00 ",1835,"Imadol, Mahalaxmi-5, Lalitpur"
House for Sale,3,2,Not Available,1,20 ft," 23,576,000.00 ",1878,"Lubhu, Mahalaxmi-7, Lalitpur"
House for Sale,3,1,Available,3,25 ft," 19,960,000.00 ",1552,"Lubhu, Mahalaxmi-9, Lalitpur"
House for Sale,4,3,Not Available,2,22 ft," 28,286,000.00 ",1673,"Tikathali, Mahalaxmi-4, Lalitpur"
House for Sale,4,3,Not Available,2,28 ft," 16,500,000.00 ",2046,"Tikathali, Mahalaxmi-6, Lalitpur"
House for Sale,4,4,Available,3,31 ft," 16,841,000.00 ",2281,"Harisiddhi, Lalitpur-27, Lalitpur"
House for Sale,4,2,Available,3,32 ft," 16,500,000.00 ",1744,"Harisiddhi, Lalitpur-29, Lalitpur"
House for Sale,3,3,Available,2,20 ft," 16,500,000.00 ",1619,"Satdobato, Lalitpur-14, Lalitpur"
House for Sale,4,2,Not Available,3,16 ft," 21,614,000.00 ",1800,"Satdobato, Lalitpur-16, Lalitpur"
House for Sale,3,2,Available,2,22 ft," 21,313,000.00 ",2040,"Lagankhel, Lalitpur-11, Lalitpur"
House for Sale,2,2,Available,3,20 ft," 19,239,000.00 ",1222,"Lagankhel, Lalitpur-13, Lalitpur"
House for Sale,3,4,Available,3,8 ft," 17,480,000.00 ",881,"Jawalakhel, Lalitpur-3, Lalitpur"
House for Sale,2,3,Not Available,4,32 ft," 16,500,000.00 ",1579,"Jawalakhel, Lalitpur-5, Lalitpur"
House for Sale,4,3,Available,1,14 ft," 16,500,000.00 ",1311,"Pulchowk, Lalitpur-2, Lalitpur"
House for Sale,3,2,Not Available,1,16 ft," 16,740,000.00 ",1596,"Pulchowk, Lalitpur-4, Lalitpur"
House for Sale,4,4,Not Available,2,31 ft," 16,500,000.00 ",1740,"Bungamati, Karyabinayak-3, Lalitpur"
House for Sale,5,2,Available,2,8 ft," 18,000,000.00 ",1618,"Bungamati, Karyabinayak-5, Lalitpur"
House for Sale,3,4,Available,2,19 ft," 22,568,000.00 ",2380,"Khokana, Karyabinayak-4, Lalitpur"
House for Sale,3,2,Not Available,4,15 ft," 40,829,000.00 ",1930,"Khokana, Karyabinayak-6, Lalitpur"
House for Sale,4,2,Available,2,31 ft," 20,589,000.00 ",1920,"Godawari, Godawari-2, Lalitpur"
House for Sale,3,2,Not Available,2,18 ft," 21,283,000.00 ",2048,"Godawari, Godawari-4, Lalitpur"
House for Sale,2,2,Available,3,26 ft," 18,637,000.00 ",1344,"Chapagaun, Godawari-11, Lalitpur"
House for Sale,3,3,Available,2,24 ft," 16,500,000.00 ",2215,"Chapagaun, Godawari-13, Lalitpur"
House for Sale,3,3,Not Available,3,15 ft," 18,997,000.00 ",1769,"Balkot, Suryabinayak-2, Bhaktapur"
House for Sale,5,2,Available,1,10 ft," 19,668,000.00 ",2068,"Kamalbinayak, Bhaktapur-6, Bhaktapur"
House for Sale,5,4,Available,2,10 ft," 51,429,000.00 ",1371,"Duwakot, Changunarayan-4, Bhaktapur"
House for Sale,3,2,Available,1,8 ft," 17,778,000.00 ",1178,"Thimi, Madhyapur Thimi-3, Bhaktapur"
House for Sale,3,3,Available,1,12 ft," 21,661,000.00 ",2127,"Lokanthali, Madhyapur Thimi-1, Bhaktapur"
House for Sale,5,4,Available,4,17 ft," 18,935,000.00 ",1950,"Gongabu, Tokha-5, Kathmandu"
House for Sale,3,3,Available,2,14 ft," 16,500,000.00 ",1439,"Balaju, Kathmandu-16, Kathmandu"
House for Sale,4,2,Not Available,2,16 ft," 30,327,000.00 ",1452,"Baneshwor, Kathmandu-10, Kathmandu"
House for Sale,4,4,Available,2,14 ft," 25,937,000.00 ",2250,"Koteshwor, Kathmandu-32, Kathmandu"
House for Sale,5,3,Available,2,16 ft," 26,346,000.00 ",1324,"Sankhamul, Kathmandu-31, Kathmandu"
House for Sale,5,2,Available,3,15 ft," 16,500,000.00 ",2457,"Satdobato, Lalitpur-15, Lalitpur"
House for Sale,3,2,Not Available,1,19 ft," 33,651,000.00 ",1439,"Jawalakhel, Lalitpur-5, Lalitpur"
House for Sale,3,3,Available,3,9 ft," 16,500,000.00 ",2055,"Pulchowk, Lalitpur-3, Lalitpur"
House for Sale,3,3,Not Available,4,8 ft," 24,280,000.00 ",1668,"Patan Dhoka, Lalitpur-2, Lalitpur"
House for Sale,3,3,Available,2,23 ft," 46,113,000.00 ",2041,"Imadol, Mahalaxmi-4, Lalitpur"
House for Sale,5,4,Available,4,30 ft," 16,500,000.00 ",1582,"Tikathali, Mahalaxmi-5, Lalitpur"
House for Sale,3,3,Available,1,30 ft," 16,500,000.00 ",1734,"Lubhu, Mahalaxmi-7, Lalitpur"
House for Sale,2,2,Available,2,31 ft," 19,981,000.00 ",1816,"Balkumari, Lalitpur-9, Lalitpur"
House for Sale,4,2,Available,2,12 ft," 16,500,000.00 ",1399,"Sundarijal, Gokarneshwor-1, Kathmandu"
House for Sale,3,2,Available,3,10 ft," 16,500,000.00 ",2096,"Budhanilkantha, Budhanilkantha-12, Kathmandu"
House for Sale,3,3,Not Available,4,19 ft," 19,734,000.00 ",1594,"Sundarijal, Budhanilkantha-32, Kathmandu"
House for Sale,3,1,Available,2,15 ft," 16,500,000.00 ",1708,"Kapan, Budhanilkantha-30, Kathmandu"
House for Sale,3,3,Available,3,29 ft," 23,205,000.00 ",1402,"Gongabu, Kathmandu-22, Kathmandu"
House for Sale,5,3,Available,2,10 ft," 16,500,000.00 ",800,"Gokarna, Gokarneshwor-23, Kathmandu"
House for Sale,3,4,Not Available,2,8 ft," 35,690,000.00 ",1723,"Kapan, Budhanilkantha-24, Kathmandu"
House for Sale,4,2,Available,2,10 ft," 16,500,000.00 ",2765,"Budhanilkantha, Budhanilkantha-2, Kathmandu"
House for Sale,4,4,Available,4,12 ft," 16,879,000.00 ",2113,"Boudha, Gokarneshwor-1, Kathmandu"
House for Sale,3,2,Available,3,22 ft," 26,584,000.00 ",1792,"Hattigauda, Budhanilkantha-11, Kathmandu"
House for Sale,4,2,Not Available,2,21 ft," 16,500,000.00 ",1694,"Gongabu, Kathmandu-6, Kathmandu"
House for Sale,6,2,Available,2,10 ft," 21,029,000.00 ",1808,"Kalanki, Kathmandu-17, Kathmandu"
House for Sale,3,2,Available,2,8 ft," 32,387,000.00 ",2018,"Sankhamul, Kathmandu-14, Kathmandu"
House for Sale,3,3,Not Available,2,12 ft," 16,500,000.00 ",1327,"Sundarijal, Budhanilkantha-14, Kathmandu"
House for Sale,3,2,Not Available,2,30 ft," 20,672,000.00 ",2245,"Basundhara, Tokha-2, Kathmandu"
House for Sale,3,2,Available,3,21 ft," 21,303,000.00 ",2086,"Gongabu, Tokha-20, Kathmandu"
House for Sale,2,3,Not Available,2,14 ft," 26,249,000.00 ",2087,"Balaju, Kathmandu-23, Kathmandu"
House for Sale,4,3,Available,2,16 ft," 16,500,000.00 ",1975,"Dhapasi, Tokha-32, Kathmandu"
House for Sale,4,3,Available,2,22 ft," 16,500,000.00 ",1807,"Gokarna, Gokarneshwor-22, Kathmandu"
House for Sale,2,3,Available,3,22 ft," 23,658,000.00 ",2069,"Kapan, Budhanilkantha-21, Kathmandu"
House for Sale,3,3,Available,3,17 ft," 21,622,000.00 ",2036,"Boudha, Gokarneshwor-15, Kathmandu"
House for Sale,5,2,Available,1,20 ft," 21,223,000.00 ",1658,"Gokarna, Gokarneshwor-21, Kathmandu"
House for Sale,3,2,Not Available,3,26 ft," 22,054,000.00 ",1570,"Budhanilkantha, Budhanilkantha-24, Kathmandu"
House for Sale,3,2,Available,2,14 ft," 16,500,000.00 ",1840,"Boudha, Gokarneshwor-19, Kathmandu"
House for Sale,3,4,Available,1,24 ft," 21,069,000.00 ",2419,"Gongabu, Kathmandu-25, Kathmandu"
House for Sale,4,3,Available,2,27 ft," 21,588,000.00 ",1304,"Chhetrapati, Kathmandu-28, Kathmandu"
House for Sale,3,2,Not Available,2,11 ft," 16,500,000.00 ",1212,"Baniyatar, Tokha-18, Kathmandu"
House for Sale,4,2,Available,2,12 ft," 40,497,000.00 ",1865,"Jorpati, Gokarneshwor-2, Kathmandu"
House for Sale,4,4,Available,4,30 ft," 23,207,000.00 ",1820,"Sundarijal, Budhanilkantha-8, Kathmandu"
House for Sale,3,2,Available,3,14 ft," 16,500,000.00 ",1869,"Boudha, Gokarneshwor-29, Kathmandu"
House for Sale,4,3,Available,3,20 ft," 24,966,000.00 ",1897,"Jorpati, Gokarneshwor-5, Kathmandu"
House for Sale,3,3,Not Available,2,22 ft," 16,500,000.00 ",1710,"Koteshwor, Kathmandu-24, Kathmandu"
House for Sale,4,3,Not Available,2,18 ft," 26,305,000.00 ",2395,"Hattigauda, Budhanilkantha-28, Kathmandu"
House for Sale,4,1,Available,3,11 ft," 30,519,000.00 ",1159,"Sundarijal, Budhanilkantha-5, Kathmandu"
House for Sale,4,4,Not Available,2,20 ft," 16,500,000.00 ",1468,"Gongabu, Kathmandu-31, Kathmandu"
House for Sale,2,4,Available,1,14 ft," 28,226,000.00 ",1758,"Sundarijal, Gokarneshwor-25, Kathmandu"
House for Sale,4,3,Not Available,2,26 ft," 22,647,000.00 ",1142,"Tokha, Tokha-12, Kathmandu"
House for Sale,3,3,Available,3,29 ft," 26,675,000.00 ",1729,"Dhapasi, Tokha-15, Kathmandu"
House for Sale,3,4,Available,2,9 ft," 41,002,000.00 ",2464,"Kapan, Budhanilkantha-24, Kathmandu"
House for Sale,2,3,Available,1,17 ft," 17,405,000.00 ",1808,"Budhanilkantha, Budhanilkantha-15, Kathmandu"
House for Sale,4,2,Available,3,20 ft," 16,500,000.00 ",1892,"Jorpati, Gokarneshwor-6, Kathmandu"
House for Sale,4,3,Available,2,32 ft," 16,500,000.00 ",1295,"Gokarna, Gokarneshwor-21, Kathmandu"
House for Sale,2,3,Available,2,28 ft," 16,500,000.00 ",1553,"Sundarijal, Gokarneshwor-9, Kathmandu"
House for Sale,4,2,Available,2,13 ft," 18,617,000.00 ",1649,"Budhanilkantha, Budhanilkantha-15, Kathmandu"
House for Sale,3,3,Not Available,2,19 ft," 22,007,000.00 ",1672,"Tokha, Tokha-27, Kathmandu"
House for Sale,4,4,Available,3,19 ft," 21,447,000.00 ",2312,"Budhanilkantha, Budhanilkantha-22, Kathmandu"
House for Sale,3,4,Available,2,27 ft," 26,730,000.00 ",2023,"Koteshwor, Kathmandu-1, Kathmandu"
House for Sale,4,2,Not Available,2,18 ft," 19,300,000.00 ",1355,"Budhanilkantha, Budhanilkantha-6, Kathmandu"
House for Sale,3,2,Available,3,30 ft," 34,340,000.00 ",1898,"Budhanilkantha, Budhanilkantha-1, Kathmandu"
House for Sale,5,3,Available,3,32 ft," 17,271,000.00 ",1999,"Dhapasi, Tokha-10, Kathmandu"
House for Sale,3,4,Available,3,14 ft," 56,996,000.00 ",2256,"Gokarna, Gokarneshwor-7, Kathmandu"
House for Sale,3,2,Not Available,2,8 ft," 24,660,000.00 ",2432,"Gongabu, Tokha-19, Kathmandu"
House for Sale,3,4,Available,2,8 ft," 16,500,000.00 ",1393,"Kapan, Budhanilkantha-29, Kathmandu"
House for Sale,5,4,Available,4,32 ft," 16,500,000.00 ",1475,"Sankhamul, Kathmandu-8, Kathmandu"
House for Sale,5,3,Not Available,3,32 ft," 23,287,000.00 ",1296,"Kirtipur, Kathmandu-6, Kathmandu"
House for Sale,3,3,Not Available,1,27 ft," 17,558,000.00 ",1706,"Baniyatar, Tokha-9, Kathmandu"
House for Sale,4,2,Available,1,20 ft," 25,547,000.00 ",1986,"Balaju, Kathmandu-19, Kathmandu"
House for Sale,4,1,Available,2,16 ft," 23,201,000.00 ",2194,"Koteshwor, Kathmandu-27, Kathmandu"
House for Sale,4,2,Available,4,10 ft," 18,649,000.00 ",1769,"Gongabu, Tokha-32, Kathmandu"
House for Sale,4,4,Not Available,2,14 ft," 16,500,000.00 ",1672,"Gokarna, Gokarneshwor-9, Kathmandu"
House for Sale,3,1,Available,2,13 ft," 16,500,000.00 ",1860,"Baneshwor, Kathmandu-17, Kathmandu"
House for Sale,2,2,Available,2,15 ft," 16,500,000.00 ",1465,"Hattigauda, Budhanilkantha-20, Kathmandu"
House for Sale,5,2,Not Available,3,16 ft," 27,044,000.00 ",2635,"Baniyatar, Tokha-31, Kathmandu"
House for Sale,5,3,Available,3,12 ft," 20,917,000.00 ",1156,"Basundhara, Tokha-31, Kathmandu"
House for Sale,4,4,Available,2,8 ft," 16,500,000.00 ",1873,"Sundarijal, Budhanilkantha-8, Kathmandu"
House for Sale,3,2,Available,3,26 ft," 20,577,000.00 ",2609,"Baneshwor, Kathmandu-20, Kathmandu"
House for Sale,3,2,Available,4,17 ft," 22,399,000.00 ",1802,"Boudha, Gokarneshwor-12, Kathmandu"
House for Sale,4,3,Available,2,19 ft," 16,500,000.00 ",1723,"Kalanki, Kathmandu-15, Kathmandu"
House for Sale,5,2,Available,2,31 ft," 20,418,000.00 ",1657,"Budhanilkantha, Budhanilkantha-20, Kathmandu"
House for Sale,5,2,Available,2,22 ft," 19,652,000.00 ",1727,"Budhanilkantha, Budhanilkantha-9, Kathmandu"
House for Sale,4,2,Available,3,29 ft," 16,500,000.00 ",2349,"Sundarijal, Budhanilkantha-13, Kathmandu"
House for Sale,4,2,Not Available,2,31 ft," 22,154,000.00 ",915,"Tokha, Tokha-24, Kathmandu"
House for Sale,2,2,Available,3,16 ft," 24,028,000.00 ",2413,"Sundarijal, Gokarneshwor-14, Kathmandu"
House for Sale,3,2,Not Available,3,27 ft," 29,611,000.00 ",1230,"Sundarijal, Gokarneshwor-8, Kathmandu"
House for Sale,5,2,Available,2,24 ft," 29,266,000.00 ",1693,"Koteshwor, Kathmandu-28, Kathmandu"
House for Sale,4,4,Not Available,4,24 ft," 16,500,000.00 ",1628,"Basundhara, Tokha-20, Kathmandu"
House for Sale,2,2,Not Available,2,27 ft," 16,500,000.00 ",2035,"Gokarna, Gokarneshwor-15, Kathmandu"
House for Sale,3,3,Available,2,19 ft," 23,592,000.00 ",1160,"Kapan, Budhanilkantha-11, Kathmandu"
House for Sale,4,3,Not Available,3,14 ft," 23,581,000.00 ",1984,"Chabahil, Kathmandu-29, Kathmandu"
House for Sale,2,1,Not Available,3,9 ft," 23,593,000.00 ",2609,"Hattigauda, Budhanilkantha-18, Kathmandu"
House for Sale,3,3,Available,2,10 ft," 59,000,000.00 ",1254,"Boudha, Gokarneshwor-18, Kathmandu"
House for Sale,4,2,Available,3,24 ft," 24,125,000.00 ",1875,"Baniyatar, Tokha-24, Kathmandu"
House for Sale,4,5,Available,4,12 ft," 30,239,000.00 ",1535,"Sundarijal, Gokarneshwor-13, Kathmandu"
House for Sale,4,2,Not Available,2,24 ft," 28,121,000.00 ",1970,"Kapan, Budhanilkantha-18, Kathmandu"
House for Sale,3,2,Not Available,4,31 ft," 24,915,000.00 ",1807,"Basundhara, Tokha-17, Kathmandu"
House for Sale,4,1,Not Available,2,24 ft," 16,925,000.00 ",1543,"Baniyatar, Tokha-16, Kathmandu"
House for Sale,3,5,Available,2,24 ft," 26,010,000.00 ",1995,"Sundarijal, Budhanilkantha-21, Kathmandu"
House for Sale,3,3,Not Available,2,9 ft," 16,500,000.00 ",2521,"Gongabu, Tokha-10, Kathmandu"
House for Sale,4,3,Available,3,9 ft," 17,465,000.00 ",1723,"Gongabu, Tokha-23, Kathmandu"
House for Sale,4,1,Available,3,29 ft," 16,500,000.00 ",2087,"Dhapasi, Tokha-23, Kathmandu"
House for Sale,5,3,Available,2,30 ft," 19,839,000.00 ",1282,"Budhanilkantha, Budhanilkantha-20, Kathmandu"
House for Sale,4,2,Available,2,12 ft," 48,462,000.00 ",1417,"Gongabu, Kathmandu-6, Kathmandu"
House for Sale,4,4,Available,3,8 ft," 16,500,000.00 ",1988,"Sundarijal, Budhanilkantha-25, Kathmandu"
House for Sale,2,2,Available,1,8 ft," 25,265,000.00 ",2393,"Dhapasi, Tokha-14, Kathmandu"
House for Sale,3,2,Available,3,26 ft," 16,500,000.00 ",1942,"Boudha, Gokarneshwor-31, Kathmandu"
House for Sale,3,1,Available,3,9 ft," 16,500,000.00 ",1674,"Kapan, Budhanilkantha-26, Kathmandu"
House for Sale,3,2,Available,2,28 ft," 29,681,000.00 ",1799,"Gokarna, Gokarneshwor-27, Kathmandu"
House for Sale,6,3,Available,4,19 ft," 19,700,000.00 ",1299,"Hattigauda, Budhanilkantha-8, Kathmandu"
House for Sale,3,1,Available,2,13 ft," 16,500,000.00 ",2041,"Kapan, Budhanilkantha-25, Kathmandu"
House for Sale,5,3,Available,4,30 ft," 16,500,000.00 ",2152,"Baneshwor, Kathmandu-8, Kathmandu"
House for Sale,4,2,Available,3,11 ft," 25,198,000.00 ",1619,"Sundarijal, Gokarneshwor-18, Kathmandu"
House for Sale,4,3,Available,3,30 ft," 16,500,000.00 ",1611,"Balaju, Kathmandu-17, Kathmandu"
House for Sale,4,2,Available,2,18 ft," 20,936,000.00 ",1906,"Sundarijal, Gokarneshwor-19, Kathmandu"
House for Sale,4,2,Available,3,31 ft," 19,553,000.00 ",1625,"Maharajgunj, Kathmandu-28, Kathmandu"
House for Sale,3,3,Available,2,24 ft," 16,500,000.00 ",1773,"Gongabu, Tokha-16, Kathmandu"
House for Sale,3,2,Available,2,13 ft," 45,263,000.00 ",2639,"Tokha, Tokha-17, Kathmandu"
House for Sale,4,2,Not Available,1,31 ft," 24,741,000.00 ",1701,"Baneshwor, Kathmandu-16, Kathmandu"
House for Sale,3,4,Available,2,12 ft," 16,500,000.00 ",1656,"Budhanilkantha, Budhanilkantha-30, Kathmandu"
House for Sale,2,4,Available,2,27 ft," 20,687,000.00 ",1540,"Kapan, Budhanilkantha-5, Kathmandu"
House for Sale,4,2,Available,3,9 ft," 16,500,000.00 ",2097,"Basundhara, Tokha-21, Kathmandu"
House for Sale,3,2,Available,3,13 ft," 27,001,000.00 ",1727,"Budhanilkantha, Budhanilkantha-15, Kathmandu"
House for Sale,5,3,Available,1,29 ft," 16,500,000.00 ",1540,"Sundarijal, Budhanilkantha-13, Kathmandu"
House for Sale,6,2,Available,3,18 ft," 18,339,000.00 ",2328,"Boudha, Gokarneshwor-20, Kathmandu"
House for Sale,5,1,Available,2,23 ft," 23,498,000.00 ",2367,"Sundarijal, Budhanilkantha-31, Kathmandu"
House for Sale,3,2,Available,3,23 ft," 27,146,000.00 ",1559,"Sundarijal, Budhanilkantha-29, Kathmandu"
House for Sale,2,3,Available,3,8 ft," 16,500,000.00 ",1053,"Gongabu, Kathmandu-23, Kathmandu"
House for Sale,5,3,Not Available,2,16 ft," 16,795,000.00 ",2203,"Gokarna, Gokarneshwor-28, Kathmandu"
House for Sale,3,1,Not Available,3,13 ft," 16,500,000.00 ",1526,"Chhetrapati, Kathmandu-13, Kathmandu"
House for Sale,6,2,Not Available,2,23 ft," 16,500,000.00 ",2116,"Sundarijal, Budhanilkantha-11, Kathmandu"
House for Sale,6,2,Not Available,2,10 ft," 38,904,000.00 ",1011,"Jorpati, Gokarneshwor-5, Kathmandu"
House for Sale,5,3,Available,3,27 ft," 22,576,000.00 ",2157,"Dhapasi, Tokha-30, Kathmandu"
House for Sale,3,1,Available,2,11 ft," 16,500,000.00 ",1315,"Gokarna, Gokarneshwor-4, Kathmandu"
House for Sale,3,2,Available,2,26 ft," 27,717,000.00 ",2092,"Kapan, Budhanilkantha-15, Kathmandu"
House for Sale,5,3,Available,2,10 ft," 44,870,000.00 ",1805,"Budhanilkantha, Budhanilkantha-19, Kathmandu"
House for Sale,3,2,Not Available,3,26 ft," 29,017,000.00 ",1418,"Chabahil, Kathmandu-16, Kathmandu"
House for Sale,3,3,Available,2,27 ft," 16,500,000.00 ",1637,"Koteshwor, Kathmandu-13, Kathmandu"
House for Sale,4,2,Not Available,2,14 ft," 16,500,000.00 ",2074,"Gokarna, Gokarneshwor-9, Kathmandu"
House for Sale,5,1,Available,3,27 ft," 31,870,000.00 ",1842,"Chabahil, Kathmandu-28, Kathmandu"
House for Sale,4,2,Not Available,3,16 ft," 16,500,000.00 ",2033,"Basundhara, Tokha-29, Kathmandu"
House for Sale,4,3,Available,2,8 ft," 22,930,000.00 ",2590,"Gokarna, Gokarneshwor-10, Kathmandu"
House for Sale,2,4,Available,2,15 ft," 26,174,000.00 ",1174,"Hattigauda, Budhanilkantha-1, Kathmandu"
House for Sale,4,4,Available,2,14 ft," 16,500,000.00 ",2446,"Maharajgunj, Kathmandu-5, Kathmandu"
House for Sale,6,2,Available,2,25 ft," 18,748,000.00 ",1841,"Baniyatar, Tokha-3, Kathmandu"
House for Sale,3,3,Available,2,15 ft," 16,500,000.00 ",1440,"Gongabu, Tokha-30, Kathmandu"
House for Sale,4,2,Available,3,8 ft," 16,500,000.00 ",1267,"Tokha, Tokha-18, Kathmandu"
House for Sale,5,2,Not Available,3,18 ft," 17,355,000.00 ",1724,"Budhanilkantha, Budhanilkantha-22, Kathmandu"
House for Sale,4,4,Available,3,32 ft," 16,500,000.00 ",2168,"Chabahil, Kathmandu-25, Kathmandu"
House for Sale,4,1,Available,2,32 ft," 36,888,000.00 ",1748,"Baniyatar, Tokha-23, Kathmandu"
House for Sale,4,1,Available,3,25 ft," 16,500,000.00 ",2404,"Sankhamul, Kathmandu-6, Kathmandu"
House for Sale,3,2,Not Available,2,30 ft," 16,500,000.00 ",1219,"Gokarna, Gokarneshwor-29, Kathmandu"
House for Sale,3,1,Available,4,17 ft," 20,231,000.00 ",1795,"Boudha, Gokarneshwor-9, Kathmandu"
House for Sale,5,2,Available,3,10 ft," 34,172,000.00 ",1299,"Balaju, Kathmandu-1, Kathmandu"
House for Sale,5,3,Available,2,14 ft," 16,500,000.00 ",1945,"Boudha, Gokarneshwor-8, Kathmandu"
House for Sale,5,2,Available,3,23 ft," 30,575,000.00 ",2154,"Baniyatar, Tokha-11, Kathmandu"
House for Sale,5,4,Available,2,23 ft," 19,279,000.00 ",1631,"Gokarna, Gokarneshwor-26, Kathmandu"
House for Sale,4,4,Available,3,32 ft," 16,500,000.00 ",800,"Sundarijal, Gokarneshwor-18, Kathmandu"
House for Sale,4,2,Available,1,27 ft," 23,098,000.00 ",1879,"Kirtipur, Kathmandu-24, Kathmandu"
House for Sale,4,2,Not Available,2,24 ft," 20,791,000.00 ",1974,"Gokarna, Gokarneshwor-20, Kathmandu"
House for Sale,4,2,Available,3,9 ft," 16,500,000.00 ",1961,"Dhapasi, Tokha-7, Kathmandu"
House for Sale,4,3,Available,2,8 ft," 19,744,000.00 ",2294,"Balaju, Kathmandu-9, Kathmandu"
House for Sale,4,2,Available,3,23 ft," 16,500,000.00 ",1371,"Sundarijal, Gokarneshwor-19, Kathmandu"
House for Sale,5,3,Not Available,2,19 ft," 20,092,000.00 ",2072,"Dhapasi, Tokha-14, Kathmandu"
House for Sale,3,2,Available,3,12 ft," 25,022,000.00 ",2277,"Gongabu, Tokha-28, Kathmandu"
House for Sale,3,3,Not Available,3,12 ft," 36,209,000.00 ",1088,"Jorpati, Gokarneshwor-2, Kathmandu"
House for Sale,2,2,Available,2,30 ft," 16,500,000.00 ",1927,"Baneshwor, Kathmandu-18, Kathmandu"
House for Sale,4,2,Available,2,16 ft," 45,066,000.00 ",1598,"Boudha, Gokarneshwor-8, Kathmandu"
House for Sale,2,4,Available,2,16 ft," 16,500,000.00 ",1767,"Gokarna, Gokarneshwor-20, Kathmandu"
House for Sale,3,3,Not Available,1,10 ft," 18,069,000.00 ",1939,"Gongabu, Tokha-1, Kathmandu"
House for Sale,4,2,Available,2,26 ft," 24,294,000.00 ",1605,"Budhanilkantha, Budhanilkantha-8, Kathmandu"
House for Sale,3,4,Not Available,3,23 ft," 21,484,000.00 ",1529,"Dhapasi, Tokha-5, Kathmandu"
House for Sale,4,2,Not Available,4,23 ft," 16,500,000.00 ",1813,"Budhanilkantha, Budhanilkantha-17, Kathmandu"
House for Sale,2,4,Available,3,10 ft," 17,666,000.00 ",1365,"Sundarijal, Gokarneshwor-21, Kathmandu"
House for Sale,2,3,Available,3,27 ft," 16,500,000.00 ",1365,"Gongabu, Tokha-9, Kathmandu"
House for Sale,5,2,Available,3,31 ft," 16,500,000.00 ",2071,"Tokha, Tokha-17, Kathmandu"
House for Sale,3,1,Available,3,29 ft," 26,971,000.00 ",1340,"Baniyatar, Tokha-22, Kathmandu"
House for Sale,3,2,Not Available,2,31 ft," 22,147,000.00 ",2066,"Chhetrapati, Kathmandu-17, Kathmandu"
House for Sale,4,3,Not Available,4,8 ft," 16,500,000.00 ",1985,"Gongabu, Tokha-12, Kathmandu"
House for Sale,4,3,Available,3,31 ft," 27,516,000.00 ",1109,"Tokha, Tokha-13, Kathmandu"
House for Sale,3,2,Available,2,27 ft," 21,711,000.00 ",1528,"Tikathali, Mahalaxmi-19, Lalitpur"
House for Sale,4,2,Not Available,2,18 ft," 26,577,000.00 ",2277,"Bungamati, Godawari-31, Lalitpur"
House for Sale,2,4,Available,2,24 ft," 24,699,000.00 ",1407,"Bungamati, Godawari-29, Lalitpur"
House for Sale,2,5,Not Available,2,15 ft," 16,500,000.00 ",1614,"Lagankhel, Lalitpur-30, Lalitpur"
House for Sale,4,3,Available,3,11 ft," 16,500,000.00 ",1984,"Lagankhel, Lalitpur-28, Lalitpur"
House for Sale,4,2,Available,2,13 ft," 25,889,000.00 ",2113,"Bungamati, Godawari-9, Lalitpur"
House for Sale,4,2,Available,2,15 ft," 24,509,000.00 ",1699,"Tikathali, Mahalaxmi-15, Lalitpur"
House for Sale,4,1,Available,4,27 ft," 19,040,000.00 ",1560,"Bungamati, Godawari-26, Lalitpur"
House for Sale,6,4,Available,2,10 ft," 20,123,000.00 ",2368,"Tikathali, Mahalaxmi-22, Lalitpur"
House for Sale,4,2,Available,2,23 ft," 32,008,000.00 ",2495,"Godawari, Godawari-8, Lalitpur"
House for Sale,3,3,Available,1,32 ft," 16,500,000.00 ",2191,"Tikathali, Mahalaxmi-8, Lalitpur"
House for Sale,4,2,Not Available,3,10 ft," 23,897,000.00 ",1834,"Jawalakhel, Lalitpur-4, Lalitpur"
House for Sale,3,3,Not Available,4,32 ft," 17,708,000.00 ",1476,"Lubhu, Mahalaxmi-14, Lalitpur"
House for Sale,3,3,Available,2,25 ft," 17,599,000.00 ",1467,"Tikathali, Mahalaxmi-31, Lalitpur"
House for Sale,2,4,Available,3,21 ft," 29,797,000.00 ",2009,"Lubhu, Mahalaxmi-15, Lalitpur"
House for Sale,2,2,Available,2,25 ft," 26,711,000.00 ",1967,"Lagankhel, Lalitpur-27, Lalitpur"
House for Sale,6,1,Available,4,9 ft," 26,584,000.00 ",2360,"Satdobato, Lalitpur-3, Lalitpur"
House for Sale,5,2,Available,3,29 ft," 32,366,000.00 ",2060,"Lagankhel, Lalitpur-10, Lalitpur"
House for Sale,4,4,Available,3,10 ft," 19,362,000.00 ",1198,"Bungamati, Godawari-13, Lalitpur"
House for Sale,3,4,Available,1,23 ft," 25,221,000.00 ",2220,"Lagankhel, Lalitpur-22, Lalitpur"
House for Sale,3,3,Available,4,16 ft," 16,959,000.00 ",1400,"Bungamati, Godawari-24, Lalitpur"
House for Sale,3,3,Available,3,11 ft," 21,858,000.00 ",1646,"Tikathali, Mahalaxmi-15, Lalitpur"
House for Sale,3,3,Available,2,8 ft," 18,226,000.00 ",1900,"Lubhu, Mahalaxmi-15, Lalitpur"
House for Sale,4,2,Not Available,3,11 ft," 19,960,000.00 ",2598,"Lubhu, Mahalaxmi-25, Lalitpur"
House for Sale,4,4,Available,2,8 ft," 24,361,000.00 ",3043,"Tikathali, Mahalaxmi-11, Lalitpur"
House for Sale,4,2,Available,3,21 ft," 16,500,000.00 ",2042,"Imadol, Mahalaxmi-23, Lalitpur"
House for Sale,3,2,Available,2,28 ft," 44,339,000.00 ",1726,"Bungamati, Godawari-4, Lalitpur"
House for Sale,6,3,Available,3,23 ft," 16,500,000.00 ",2013,"Patan Dhoka, Lalitpur-11, Lalitpur"
House for Sale,4,1,Not Available,2,27 ft," 16,500,000.00 ",2155,"Patan Dhoka, Lalitpur-32, Lalitpur"
House for Sale,4,2,Available,1,31 ft," 30,513,000.00 ",1671,"Godawari, Godawari-4, Lalitpur"
House for Sale,4,3,Not Available,2,15 ft," 26,353,000.00 ",2518,"Thaiba, Godawari-13, Lalitpur"
House for Sale,3,1,Available,1,14 ft," 24,645,000.00 ",1892,"Patan Dhoka, Lalitpur-6, Lalitpur"
House for Sale,3,3,Available,2,10 ft," 24,686,000.00 ",1999,"Thaiba, Godawari-8, Lalitpur"
House for Sale,3,2,Not Available,2,24 ft," 19,106,000.00 ",2066,"Patan Dhoka, Lalitpur-19, Lalitpur"
House for Sale,4,2,Available,2,8 ft," 16,500,000.00 ",1968,"Lubhu, Mahalaxmi-3, Lalitpur"
House for Sale,2,2,Available,2,23 ft," 19,791,000.00 ",2135,"Tikathali, Mahalaxmi-19, Lalitpur"
House for Sale,3,2,Available,2,19 ft," 16,500,000.00 ",1553,"Lamatar, Mahalaxmi-11, Lalitpur"
House for Sale,2,3,Available,3,26 ft," 28,359,000.00 ",1576,"Lagankhel, Lalitpur-12, Lalitpur"
House for Sale,2,2,Not Available,1,29 ft," 18,103,000.00 ",1359,"Tikathali, Mahalaxmi-4, Lalitpur"
House for Sale,5,3,Available,4,30 ft," 16,500,000.00 ",1975,"Godawari, Godawari-8, Lalitpur"
House for Sale,4,2,Available,3,29 ft," 16,884,000.00 ",2111,"Chapagaun, Godawari-26, Lalitpur"
House for Sale,3,3,Available,3,21 ft," 22,648,000.00 ",1983,"Patan Dhoka, Lalitpur-25, Lalitpur"
House for Sale,2,4,Available,2,13 ft," 16,500,000.00 ",2469,"Godawari, Godawari-11, Lalitpur"
House for Sale,3,3,Available,3,13 ft," 16,500,000.00 ",1797,"Lamatar, Mahalaxmi-12, Lalitpur"
House for Sale,3,2,Available,2,20 ft," 21,166,000.00 ",2067,"Chapagaun, Godawari-4, Lalitpur"
House for Sale,3,1,Available,1,26 ft," 21,177,000.00 ",1363,"Tikathali, Mahalaxmi-25, Lalitpur"
House for Sale,3,2,Not Available,2,29 ft," 16,500,000.00 ",1645,"Patan Dhoka, Lalitpur-18, Lalitpur"
House for Sale,3,3,Available,3,15 ft," 16,500,000.00 ",2078,"Bungamati, Godawari-13, Lalitpur"
House for Sale,4,1,Available,1,9 ft," 21,067,000.00 ",2139,"Pulchowk, Lalitpur-11, Lalitpur"
House for Sale,4,2,Not Available,2,28 ft," 16,500,000.00 ",1682,"Bungamati, Godawari-21, Lalitpur"
House for Sale,2,3,Available,4,8 ft," 16,500,000.00 ",1771,"Satdobato, Lalitpur-32, Lalitpur"
House for Sale,3,2,Available,3,22 ft," 16,500,000.00 ",1192,"Lubhu, Mahalaxmi-32, Lalitpur"
House for Sale,4,3,Available,2,8 ft," 17,629,000.00 ",1657,"Lamatar, Mahalaxmi-4, Lalitpur"
House for Sale,4,2,Available,1,12 ft," 21,743,000.00 ",2156,"Lamatar, Mahalaxmi-19, Lalitpur"
House for Sale,5,1,Available,3,23 ft," 34,642,000.00 ",2030,"Tikathali, Mahalaxmi-21, Lalitpur"
House for Sale,4,3,Not Available,2,26 ft," 27,058,000.00 ",2000,"Jawalakhel, Lalitpur-27, Lalitpur"
House for Sale,3,2,Available,2,11 ft," 18,010,000.00 ",1819,"Lamatar, Mahalaxmi-18, Lalitpur"
House for Sale,2,3,Available,1,10 ft," 19,055,000.00 ",1802,"Lamatar, Mahalaxmi-22, Lalitpur"
House for Sale,4,2,Not Available,4,24 ft," 16,500,000.00 ",1535,"Chapagaun, Godawari-5, Lalitpur"
House for Sale,2,2,Available,3,24 ft," 19,058,000.00 ",2079,"Jawalakhel, Lalitpur-8, Lalitpur"
House for Sale,4,4,Available,3,19 ft," 17,106,000.00 ",1968,"Lubhu, Mahalaxmi-28, Lalitpur"
House for Sale,5,3,Available,3,21 ft," 21,846,000.00 ",1996,"Patan Dhoka, Lalitpur-29, Lalitpur"
House for Sale,4,3,Not Available,2,28 ft," 16,500,000.00 ",1589,"Tikathali, Mahalaxmi-30, Lalitpur"
House for Sale,3,2,Available,2,13 ft," 23,633,000.00 ",938,"Satdobato, Lalitpur-7, Lalitpur"
House for Sale,4,3,Available,2,10 ft," 35,446,000.00 ",2238,"Lamatar, Mahalaxmi-1, Lalitpur"
House for Sale,3,2,Available,2,16 ft," 18,383,000.00 ",1608,"Pulchowk, Lalitpur-11, Lalitpur"
House for Sale,4,1,Available,2,12 ft," 22,547,000.00 ",1454,"Imadol, Mahalaxmi-18, Lalitpur"
House for Sale,5,4,Available,3,31 ft," 25,304,000.00 ",2077,"Lubhu, Mahalaxmi-7, Lalitpur"
House for Sale,3,2,Available,3,24 ft," 16,500,000.00 ",1643,"Lagankhel, Lalitpur-9, Lalitpur"
House for Sale,6,5,Not Available,3,21 ft," 21,001,000.00 ",2223,"Thaiba, Godawari-14, Lalitpur"
House for Sale,5,2,Available,2,28 ft," 19,297,000.00 ",2046,"Bungamati, Godawari-17, Lalitpur"
House for Sale,3,2,Available,3,10 ft," 19,965,000.00 ",2073,"Tikathali, Mahalaxmi-14, Lalitpur"
House for Sale,2,3,Not Available,3,8 ft," 16,500,000.00 ",1253,"Lagankhel, Lalitpur-6, Lalitpur"
House for Sale,3,4,Not Available,2,27 ft," 19,389,000.00 ",2284,"Imadol, Mahalaxmi-18, Lalitpur"
House for Sale,2,3,Available,3,28 ft," 23,432,000.00 ",1904,"Lubhu, Mahalaxmi-32, Lalitpur"
House for Sale,2,4,Available,2,30 ft," 34,308,000.00 ",1652,"Imadol, Mahalaxmi-28, Lalitpur"
House for Sale,4,3,Available,2,8 ft," 28,180,000.00 ",1857,"Tikathali, Mahalaxmi-4, Lalitpur"
House for Sale,2,3,Not Available,2,10 ft," 45,430,000.00 ",1089,"Thaiba, Godawari-2, Lalitpur"
House for Sale,3,4,Not Available,2,25 ft," 16,500,000.00 ",1963,"Pulchowk, Lalitpur-7, Lalitpur"
House for Sale,5,2,Available,2,32 ft," 27,217,000.00 ",1388,"Bungamati, Godawari-2, Lalitpur"
House for Sale,2,2,Not Available,3,17 ft," 20,661,000.00 ",1258,"Tikathali, Mahalaxmi-14, Lalitpur"
House for Sale,5,2,Available,4,29 ft," 46,101,000.00 ",1191,"Lagankhel, Lalitpur-3, Lalitpur"
House for Sale,3,5,Available,3,10 ft," 16,500,000.00 ",2245,"Imadol, Mahalaxmi-21, Lalitpur"
House for Sale,3,4,Available,3,15 ft," 16,500,000.00 ",1548,"Godawari, Godawari-8, Lalitpur"
House for Sale,4,1,Not Available,2,21 ft," 16,500,000.00 ",2413,"Jawalakhel, Lalitpur-24, Lalitpur"
House for Sale,4,3,Available,3,31 ft," 16,500,000.00 ",1585,"Lamatar, Mahalaxmi-20, Lalitpur"
House for Sale,5,4,Not Available,1,25 ft," 16,500,000.00 ",1117,"Satdobato, Lalitpur-12, Lalitpur"
House for Sale,4,2,Not Available,2,22 ft," 16,500,000.00 ",1353,"Godawari, Godawari-32, Lalitpur"
House for Sale,5,3,Not Available,2,29 ft," 20,390,000.00 ",2294,"Lubhu, Mahalaxmi-5, Lalitpur"
House for Sale,3,4,Available,2,30 ft," 22,013,000.00 ",1737,"Satdobato, Lalitpur-3, Lalitpur"
House for Sale,3,1,Available,1,9 ft," 40,665,000.00 ",1580,"Lubhu, Mahalaxmi-30, Lalitpur"
House for Sale,4,3,Available,2,17 ft," 28,081,000.00 ",1864,"Lubhu, Mahalaxmi-15, Lalitpur"
House for Sale,5,2,Available,2,9 ft," 16,500,000.00 ",2000,"Imadol, Mahalaxmi-13, Lalitpur"
House for Sale,6,4,Available,4,24 ft," 16,500,000.00 ",2246,"Lubhu, Mahalaxmi-22, Lalitpur"
House for Sale,3,5,Not Available,2,15 ft," 23,375,000.00 ",2379,"Lubhu, Mahalaxmi-2, Lalitpur"
House for Sale,3,4,Available,2,8 ft," 16,500,000.00 ",1656,"Chapagaun, Godawari-31, Lalitpur"
House for Sale,4,2,Available,2,16 ft," 39,945,000.00 ",1269,"Satdobato, Lalitpur-18, Lalitpur"
House for Sale,3,4,Available,3,18 ft," 30,774,000.00 ",1634,"Chapagaun, Godawari-3, Lalitpur"
House for Sale,5,4,Available,2,29 ft," 16,500,000.00 ",1904,"Lubhu, Mahalaxmi-24, Lalitpur"
House for Sale,5,2,Available,2,23 ft," 16,500,000.00 ",1414,"Lubhu, Mahalaxmi-17, Lalitpur"
House for Sale,3,4,Available,2,14 ft," 32,998,000.00 ",1417,"Bungamati, Godawari-16, Lalitpur"
House for Sale,4,1,Not Available,1,17 ft," 18,340,000.00 ",1937,"Patan Dhoka, Lalitpur-27, Lalitpur"
House for Sale,4,3,Available,1,30 ft," 31,502,000.00 ",1780,"Bungamati, Godawari-17, Lalitpur"
House for Sale,3,2,Not Available,2,10 ft," 16,500,000.00 ",1813,"Chapagaun, Godawari-2, Lalitpur"
House for Sale,5,2,Not Available,1,25 ft," 16,500,000.00 ",1496,"Bungamati, Godawari-26, Lalitpur"
House for Sale,4,1,Available,2,32 ft," 19,240,000.00 ",1707,"Imadol, Mahalaxmi-6, Lalitpur"
House for Sale,5,3,Not Available,2,31 ft," 19,564,000.00 ",1430,"Godawari, Godawari-21, Lalitpur"
House for Sale,3,2,Available,3,20 ft," 16,500,000.00 ",2156,"Thaiba, Godawari-22, Lalitpur"
House for Sale,5,3,Not Available,2,14 ft," 24,632,000.00 ",2214,"Godawari, Godawari-23, Lalitpur"
House for Sale,3,1,Available,2,32 ft," 16,500,000.00 ",1061,"Lagankhel, Lalitpur-18, Lalitpur"
House for Sale,2,2,Not Available,2,11 ft," 18,137,000.00 ",1428,"Chapagaun, Godawari-11, Lalitpur"
House for Sale,5,3,Not Available,4,20 ft," 20,146,000.00 ",1201,"Godawari, Godawari-18, Lalitpur"
House for Sale,2,3,Not Available,2,27 ft," 23,587,000.00 ",1539,"Satdobato, Lalitpur-22, Lalitpur"
House for Sale,3,2,Not Available,1,8 ft," 25,522,000.00 ",1766,"Imadol, Mahalaxmi-29, Lalitpur"
House for Sale,6,3,Available,3,15 ft," 16,500,000.00 ",1220,"Tikathali, Mahalaxmi-3, Lalitpur"
House for Sale,6,4,Available,2,21 ft," 16,500,000.00 ",1431,"Tikathali, Mahalaxmi-30, Lalitpur"
House for Sale,4,3,Available,2,23 ft," 32,008,000.00 ",1398,"Lagankhel, Lalitpur-11, Lalitpur"
House for Sale,4,2,Available,2,21 ft," 21,930,000.00 ",1882,"Godawari, Godawari-29, Lalitpur"
House for Sale,3,1,Available,3,19 ft," 16,500,000.00 ",1827,"Godawari, Godawari-8, Lalitpur"
House for Sale,3,4,Available,2,26 ft," 35,708,000.00 ",1511,"Bungamati, Godawari-7, Lalitpur"
House for Sale,3,1,Not Available,3,30 ft," 20,109,000.00 ",1870,"Imadol, Mahalaxmi-22, Lalitpur"
House for Sale,4,4,Available,4,22 ft," 30,773,000.00 ",1581,"Pulchowk, Lalitpur-9, Lalitpur"
House for Sale,4,3,Not Available,2,9 ft," 19,726,000.00 ",1691,"Thaiba, Godawari-8, Lalitpur"
House for Sale,4,4,Available,2,9 ft," 43,781,000.00 ",2469,"Lagankhel, Lalitpur-10, Lalitpur"
House for Sale,4,3,Not Available,2,30 ft," 38,747,000.00 ",2336,"Lubhu, Mahalaxmi-15, Lalitpur"
House for Sale,2,5,Not Available,2,29 ft," 17,380,000.00 ",1280,"Bungamati, Godawari-5, Lalitpur"
House for Sale,3,2,Available,2,26 ft," 28,319,000.00 ",2131,"Thaiba, Godawari-24, Lalitpur"
House for Sale,2,3,Available,4,32 ft," 24,855,000.00 ",2124,"Lamatar, Mahalaxmi-20, Lalitpur"
House for Sale,4,2,Not Available,3,29 ft," 33,194,000.00 ",1340,"Thaiba, Godawari-27, Lalitpur"
House for Sale,3,2,Available,3,29 ft," 16,500,000.00 ",2127,"Patan Dhoka, Lalitpur-14, Lalitpur"
House for Sale,5,3,Available,2,24 ft," 25,263,000.00 ",2415,"Pulchowk, Lalitpur-17, Lalitpur"
House for Sale,3,4,Available,3,27 ft," 29,320,000.00 ",1350,"Bungamati, Godawari-19, Lalitpur"
House for Sale,3,5,Available,4,17 ft," 16,500,000.00 ",1432,"Satdobato, Lalitpur-17, Lalitpur"
House for Sale,3,3,Available,3,13 ft," 16,500,000.00 ",2207,"Lubhu, Mahalaxmi-19, Lalitpur"
House for Sale,4,2,Available,1,22 ft," 16,500,000.00 ",1908,"Bungamati, Godawari-26, Lalitpur"
House for Sale,4,2,Available,3,29 ft," 17,239,000.00 ",2020,"Patan Dhoka, Lalitpur-27, Lalitpur"
House for Sale,3,3,Available,1,18 ft," 25,583,000.00 ",1936,"Bungamati, Godawari-14, Lalitpur"
House for Sale,2,2,Not Available,2,12 ft," 35,018,000.00 ",1956,"Godawari, Godawari-27, Lalitpur"
House for Sale,4,2,Available,1,8 ft," 19,778,000.00 ",1269,"Patan Dhoka, Lalitpur-17, Lalitpur"
House for Sale,2,2,Not Available,3,15 ft," 36,832,000.00 ",2218,"Lagankhel, Lalitpur-23, Lalitpur"
House for Sale,5,2,Available,3,28 ft," 16,500,000.00 ",2267,"Tikathali, Mahalaxmi-24, Lalitpur"
House for Sale,4,2,Available,2,19 ft," 16,500,000.00 ",1708,"Satdobato, Lalitpur-13, Lalitpur"
House for Sale,2,2,Available,2,19 ft," 18,778,000.00 ",1782,"Jawalakhel, Lalitpur-19, Lalitpur"
House for Sale,2,1,Available,2,12 ft," 22,388,000.00 ",1187,"Chapagaun, Godawari-8, Lalitpur"
House for Sale,6,1,Available,2,14 ft," 18,951,000.00 ",2005,"Imadol, Mahalaxmi-6, Lalitpur"
House for Sale,3,5,Available,2,11 ft," 16,500,000.00 ",2028,"Lubhu, Mahalaxmi-7, Lalitpur"
House for Sale,3,2,Available,2,13 ft," 18,528,000.00 ",1775,"Tikathali, Mahalaxmi-20, Lalitpur"
House for Sale,5,2,Available,3,20 ft," 16,500,000.00 ",2249,"Lagankhel, Lalitpur-3, Lalitpur"
House for Sale,5,3,Available,1,27 ft," 25,098,000.00 ",1666,"Tikathali, Mahalaxmi-4, Lalitpur"
House for Sale,6,2,Available,1,22 ft," 22,232,000.00 ",2025,"Godawari, Godawari-17, Lalitpur"
House for Sale,4,4,Available,2,10 ft," 16,500,000.00 ",1392,"Tikathali, Mahalaxmi-31, Lalitpur"
House for Sale,3,3,Not Available,4,30 ft," 16,500,000.00 ",1790,"Jawalakhel, Lalitpur-26, Lalitpur"
House for Sale,2,1,Available,3,15 ft," 16,500,000.00 ",1730,"Pulchowk, Lalitpur-12, Lalitpur"
House for Sale,4,2,Available,3,27 ft," 18,725,000.00 ",1890,"Patan Dhoka, Lalitpur-29, Lalitpur"
House for Sale,4,4,Not Available,2,23 ft," 28,134,000.00 ",1652,"Bungamati, Godawari-27, Lalitpur"
House for Sale,3,4,Available,2,20 ft," 16,500,000.00 ",1747,"Tikathali, Mahalaxmi-12, Lalitpur"
House for Sale,5,2,Available,1,25 ft," 23,489,000.00 ",2130,"Tikathali, Mahalaxmi-9, Lalitpur"
House for Sale,3,3,Not Available,3,17 ft," 16,500,000.00 ",1625,"Imadol, Mahalaxmi-31, Lalitpur"
House for Sale,3,2,Available,4,26 ft," 16,500,000.00 ",1157,"Imadol, Mahalaxmi-27, Lalitpur"
House for Sale,2,5,Available,3,24 ft," 18,395,000.00 ",2499,"Bungamati, Godawari-14, Lalitpur"
House for Sale,3,2,Available,3,31 ft," 16,500,000.00 ",2352,"Imadol, Mahalaxmi-28, Lalitpur"
House for Sale,2,4,Available,3,26 ft," 16,500,000.00 ",1283,"Jawalakhel, Lalitpur-15, Lalitpur"
House for Sale,3,3,Available,2,30 ft," 16,500,000.00 ",2075,"Pulchowk, Lalitpur-9, Lalitpur"
House for Sale,3,3,Available,4,12 ft," 42,132,000.00 ",1598,"Tikathali, Mahalaxmi-20, Lalitpur"
House for Sale,4,3,Available,1,28 ft," 19,473,000.00 ",1905,"Chapagaun, Godawari-20, Lalitpur"
House for Sale,4,2,Available,2,30 ft," 16,500,000.00 ",1917,"Satdobato, Lalitpur-28, Lalitpur"
House for Sale,4,2,Not Available,2,16 ft," 20,916,000.00 ",1706,"Lokanthali, Madhyapur Thimi-10, Bhaktapur"
House for Sale,6,2,Not Available,1,19 ft," 18,356,000.00 ",1486,"Gatthaghar, Madhyapur Thimi-3, Bhaktapur"
House for Sale,3,2,Available,2,28 ft," 17,576,000.00 ",1523,"Sallaghari, Bhaktapur-7, Bhaktapur"
House for Sale,3,3,Available,2,8 ft," 24,547,000.00 ",1433,"Jhaukhel, Changunarayan-25, Bhaktapur"
House for Sale,5,2,Available,2,8 ft," 25,995,000.00 ",1467,"Lokanthali, Madhyapur Thimi-6, Bhaktapur"
House for Sale,3,1,Available,2,22 ft," 16,500,000.00 ",1773,"Sanothimi, Madhyapur Thimi-28, Bhaktapur"
House for Sale,6,5,Available,1,9 ft," 16,500,000.00 ",1513,"Suryabinayak, Bhaktapur-17, Bhaktapur"
House for Sale,2,4,Available,2,29 ft," 17,200,000.00 ",2072,"Thimi, Madhyapur Thimi-29, Bhaktapur"
House for Sale,6,4,Not Available,2,23 ft," 16,500,000.00 ",2394,"Thimi, Madhyapur Thimi-24, Bhaktapur"
House for Sale,2,5,Available,2,32 ft," 16,500,000.00 ",1567,"Jhaukhel, Changunarayan-27, Bhaktapur"
House for Sale,5,2,Available,3,15 ft," 33,170,000.00 ",1895,"Lokanthali, Madhyapur Thimi-13, Bhaktapur"
House for Sale,4,2,Available,3,20 ft," 37,073,000.00 ",1999,"Duwakot, Changunarayan-16, Bhaktapur"
House for Sale,6,3,Available,3,28 ft," 17,380,000.00 ",1988,"Jhaukhel, Changunarayan-15, Bhaktapur"
House for Sale,2,3,Not Available,3,8 ft," 24,180,000.00 ",1830,"Sankhu, Changunarayan-30, Bhaktapur"
House for Sale,4,2,Not Available,2,23 ft," 21,746,000.00 ",2097,"Duwakot, Changunarayan-15, Bhaktapur"
House for Sale,6,4,Not Available,3,14 ft," 59,000,000.00 ",1992,"Tathali, Changunarayan-25, Bhaktapur"
House for Sale,4,2,Available,2,12 ft," 30,046,000.00 ",1304,"Sallaghari, Bhaktapur-11, Bhaktapur"
House for Sale,4,2,Available,2,29 ft," 18,242,000.00 ",2147,"Jhaukhel, Changunarayan-14, Bhaktapur"
House for Sale,4,3,Available,3,30 ft," 16,500,000.00 ",2154,"Sankhu, Changunarayan-11, Bhaktapur"
House for Sale,3,3,Available,2,10 ft," 16,500,000.00 ",1494,"Dattatreya, Bhaktapur-29, Bhaktapur"
House for Sale,4,3,Available,3,19 ft," 20,828,000.00 ",1815,"Sallaghari, Bhaktapur-31, Bhaktapur"
House for Sale,4,1,Not Available,3,23 ft," 16,500,000.00 ",2073,"Gatthaghar, Madhyapur Thimi-31, Bhaktapur"
House for Sale,5,4,Available,3,26 ft," 16,500,000.00 ",1716,"Sallaghari, Bhaktapur-22, Bhaktapur"
House for Sale,2,2,Available,4,12 ft," 16,500,000.00 ",2229,"Kamalbinayak, Bhaktapur-32, Bhaktapur"
House for Sale,3,2,Available,2,29 ft," 16,500,000.00 ",2745,"Gatthaghar, Madhyapur Thimi-32, Bhaktapur"
House for Sale,6,4,Available,2,32 ft," 37,704,000.00 ",1485,"Jhaukhel, Changunarayan-27, Bhaktapur"
House for Sale,5,5,Available,2,21 ft," 27,319,000.00 ",1247,"Tathali, Changunarayan-21, Bhaktapur"
House for Sale,3,4,Not Available,2,12 ft," 19,139,000.00 ",1921,"Sanothimi, Madhyapur Thimi-12, Bhaktapur"
House for Sale,4,4,Not Available,3,22 ft," 34,705,000.00 ",2088,"Kamalbinayak, Bhaktapur-7, Bhaktapur"
House for Sale,3,3,Not Available,3,24 ft," 19,803,000.00 ",1707,"Thimi, Madhyapur Thimi-23, Bhaktapur"
House for Sale,3,3,Available,3,21 ft," 16,500,000.00 ",2381,"Duwakot, Changunarayan-14, Bhaktapur"
House for Sale,3,1,Available,2,27 ft," 35,310,000.00 ",1264,"Duwakot, Changunarayan-26, Bhaktapur"
House for Sale,3,2,Available,2,12 ft," 23,819,000.00 ",2077,"Tathali, Changunarayan-23, Bhaktapur"
House for Sale,4,2,Available,2,19 ft," 16,500,000.00 ",1557,"Sanothimi, Madhyapur Thimi-31, Bhaktapur"
House for Sale,2,2,Not Available,2,23 ft," 17,792,000.00 ",2487,"Jhaukhel, Changunarayan-26, Bhaktapur"
House for Sale,6,3,Available,3,23 ft," 16,500,000.00 ",2597,"Lokanthali, Madhyapur Thimi-23, Bhaktapur"
House for Sale,6,2,Available,2,28 ft," 16,500,000.00 ",1493,"Tathali, Changunarayan-20, Bhaktapur"
House for Sale,4,1,Available,2,14 ft," 27,810,000.00 ",1580,"Dattatreya, Bhaktapur-9, Bhaktapur"
House for Sale,4,2,Available,1,11 ft," 41,210,000.00 ",2143,"Jhaukhel, Changunarayan-11, Bhaktapur"
House for Sale,3,3,Not Available,3,8 ft," 16,500,000.00 ",1645,"Sallaghari, Bhaktapur-11, Bhaktapur"
House for Sale,5,1,Available,3,12 ft," 24,049,000.00 ",1781,"Kamalbinayak, Bhaktapur-19, Bhaktapur"
House for Sale,4,4,Available,2,30 ft," 16,500,000.00 ",1810,"Lokanthali, Madhyapur Thimi-24, Bhaktapur"
House for Sale,3,2,Available,1,17 ft," 16,500,000.00 ",1032,"Dattatreya, Bhaktapur-17, Bhaktapur"
House for Sale,5,2,Available,2,29 ft," 16,500,000.00 ",1794,"Duwakot, Changunarayan-8, Bhaktapur"
House for Sale,5,3,Not Available,2,12 ft," 16,500,000.00 ",1524,"Duwakot, Changunarayan-11, Bhaktapur"
House for Sale,5,4,Not Available,3,11 ft," 19,576,000.00 ",1602,"Suryabinayak, Bhaktapur-17, Bhaktapur"
House for Sale,4,2,Not Available,3,9 ft," 16,500,000.00 ",2377,"Suryabinayak, Bhaktapur-4, Bhaktapur"
House for Sale,4,3,Not Available,2,27 ft," 21,394,000.00 ",1297,"Suryabinayak, Bhaktapur-15, Bhaktapur"
House for Sale,3,3,Available,2,17 ft," 18,818,000.00 ",2125,"Sankhu, Changunarayan-28, Bhaktapur"
House for Sale,5,2,Available,4,26 ft," 17,450,000.00 ",1688,"Jhaukhel, Changunarayan-15, Bhaktapur"
House for Sale,5,4,Available,2,8 ft," 16,500,000.00 ",1688,"Gatthaghar, Madhyapur Thimi-17, Bhaktapur"
House for Sale,2,3,Available,3,31 ft," 16,500,000.00 ",2116,"Kamalbinayak, Bhaktapur-27, Bhaktapur"
House for Sale,2,3,Not Available,2,12 ft," 25,973,000.00 ",1936,"Duwakot, Changunarayan-4, Bhaktapur"
House for Sale,3,4,Available,2,20 ft," 23,460,000.00 ",2028,"Sanothimi, Madhyapur Thimi-19, Bhaktapur"
House for Sale,5,4,Not Available,1,11 ft," 16,500,000.00 ",2187,"Jhaukhel, Changunarayan-26, Bhaktapur"
House for Sale,6,3,Available,2,23 ft," 19,978,000.00 ",1667,"Suryabinayak, Bhaktapur-30, Bhaktapur"
House for Sale,3,4,Available,4,31 ft," 25,932,000.00 ",1555,"Thimi, Madhyapur Thimi-22, Bhaktapur"
House for Sale,4,3,Available,2,23 ft," 16,500,000.00 ",1365,"Gatthaghar, Madhyapur Thimi-11, Bhaktapur"
House for Sale,3,3,Not Available,1,30 ft," 23,861,000.00 ",1469,"Duwakot, Changunarayan-9, Bhaktapur"
House for Sale,6,3,Available,1,9 ft," 16,500,000.00 ",2979,"Gatthaghar, Madhyapur Thimi-15, Bhaktapur"
House for Sale,5,3,Available,2,24 ft," 24,123,000.00 ",2297,"Jhaukhel, Changunarayan-26, Bhaktapur"
House for Sale,5,2,Available,2,27 ft," 16,500,000.00 ",1259,"Lokanthali, Madhyapur Thimi-5, Bhaktapur"
House for Sale,3,4,Available,1,31 ft," 16,500,000.00 ",1271,"Duwakot, Changunarayan-23, Bhaktapur"
House for Sale,3,4,Available,3,19 ft," 16,500,000.00 ",1992,"Gatthaghar, Madhyapur Thimi-16, Bhaktapur"
House for Sale,3,1,Not Available,2,25 ft," 19,573,000.00 ",2018,"Suryabinayak, Bhaktapur-7, Bhaktapur"
House for Sale,2,4,Available,2,10 ft," 21,302,000.00 ",2019,"Sanothimi, Madhyapur Thimi-10, Bhaktapur"
House for Sale,5,2,Available,4,8 ft," 16,500,000.00 ",1698,"Jhaukhel, Changunarayan-31, Bhaktapur"
House for Sale,5,2,Available,2,8 ft," 24,788,000.00 ",1749,"Dattatreya, Bhaktapur-30, Bhaktapur"
House for Sale,6,3,Available,4,26 ft," 16,500,000.00 ",1931,"Duwakot, Changunarayan-16, Bhaktapur"
House for Sale,6,2,Not Available,2,18 ft," 18,699,000.00 ",1834,"Thimi, Madhyapur Thimi-16, Bhaktapur"
House for Sale,4,4,Available,3,12 ft," 16,500,000.00 ",912,"Sallaghari, Bhaktapur-21, Bhaktapur"
House for Sale,4,4,Available,3,19 ft," 16,500,000.00 ",1708,"Sanothimi, Madhyapur Thimi-20, Bhaktapur"
House for Sale,5,3,Available,3,10 ft," 19,567,000.00 ",1459,"Dattatreya, Bhaktapur-11, Bhaktapur"
House for Sale,5,1,Not Available,4,8 ft," 16,500,000.00 ",1870,"Kamalbinayak, Bhaktapur-30, Bhaktapur"
House for Sale,3,2,Not Available,2,8 ft," 16,500,000.00 ",2994,"Suryabinayak, Bhaktapur-14, Bhaktapur"
House for Sale,3,3,Available,4,15 ft," 28,715,000.00 ",1946,"Sallaghari, Bhaktapur-15, Bhaktapur"
House for Sale,3,5,Available,2,17 ft," 16,500,000.00 ",1674,"Jhaukhel, Changunarayan-1, Bhaktapur"
House for Sale,6,3,Available,2,18 ft," 26,821,000.00 ",2168,"Gatthaghar, Madhyapur Thimi-22, Bhaktapur"
House for Sale,4,2,Not Available,2,19 ft," 16,500,000.00 ",1993,"Suryabinayak, Bhaktapur-21, Bhaktapur"
House for Sale,3,3,Available,2,20 ft," 23,732,000.00 ",1968,"Tathali, Changunarayan-12, Bhaktapur"
House for Sale,4,3,Available,2,19 ft," 34,176,000.00 ",2042,"Sankhu, Changunarayan-9, Bhaktapur"
House for Sale,4,3,Available,2,21 ft," 16,500,000.00 ",2622,"Suryabinayak, Bhaktapur-28, Bhaktapur"
House for Sale,3,2,Available,2,9 ft," 16,500,000.00 ",1347,"Kamalbinayak, Bhaktapur-27, Bhaktapur"
House for Sale,3,3,Available,3,26 ft," 24,185,000.00 ",1989,"Gatthaghar, Madhyapur Thimi-2, Bhaktapur"
House for Sale,4,3,Not Available,3,25 ft," 17,702,000.00 ",1429,"Kamalbinayak, Bhaktapur-10, Bhaktapur"
House for Sale,4,5,Available,2,10 ft," 22,273,000.00 ",2022,"Dattatreya, Bhaktapur-30, Bhaktapur"
House for Sale,4,2,Available,2,30 ft," 16,500,000.00 ",1432,"Suryabinayak, Bhaktapur-3, Bhaktapur"
House for Sale,4,3,Available,2,24 ft," 19,877,000.00 ",1633,"Tathali, Changunarayan-5, Bhaktapur"
House for Sale,5,4,Not Available,2,15 ft," 18,041,000.00 ",1681,"Suryabinayak, Bhaktapur-13, Bhaktapur"
House for Sale,4,2,Available,1,17 ft," 30,631,000.00 ",2190,"Jhaukhel, Changunarayan-13, Bhaktapur"
House for Sale,4,4,Not Available,2,9 ft," 21,257,000.00 ",2167,"Thimi, Madhyapur Thimi-11, Bhaktapur"
House for Sale,5,3,Available,2,26 ft," 21,976,000.00 ",1301,"Lokanthali, Madhyapur Thimi-2, Bhaktapur"
House for Sale,3,1,Available,4,16 ft," 16,500,000.00 ",1821,"Suryabinayak, Bhaktapur-12, Bhaktapur"
House for Sale,3,2,Available,2,14 ft," 16,500,000.00 ",1516,"Kamalbinayak, Bhaktapur-17, Bhaktapur"
House for Sale,2,3,Available,2,11 ft," 16,500,000.00 ",1296,"Tathali, Changunarayan-12, Bhaktapur"
House for Sale,4,1,Available,2,28 ft," 22,481,000.00 ",1713,"Duwakot, Changunarayan-5, Bhaktapur"
House for Sale,4,3,Not Available,2,25 ft," 16,500,000.00 ",1676,"Lokanthali, Madhyapur Thimi-23, Bhaktapur"
House for Sale,4,2,Available,2,20 ft," 21,560,000.00 ",2770,"Sankhu, Changunarayan-1, Bhaktapur"
House for Sale,3,3,Available,3,18 ft," 44,039,000.00 ",1973,"Sanothimi, Madhyapur Thimi-31, Bhaktapur"
House for Sale,3,1,Available,2,31 ft," 27,204,000.00 ",1248,"Gatthaghar, Madhyapur Thimi-4, Bhaktapur"
House for Sale,2,4,Not Available,2,11 ft," 16,853,000.00 ",1574,"Suryabinayak, Bhaktapur-7, Bhaktapur"
House for Sale,3,5,Not Available,4,32 ft," 31,044,000.00 ",2208,"Lokanthali, Madhyapur Thimi-30, Bhaktapur"
House for Sale,4,5,Available,3,28 ft," 16,500,000.00 ",2635,"Lokanthali, Madhyapur Thimi-13, Bhaktapur"
House for Sale,3,3,Not Available,3,32 ft," 16,500,000.00 ",1165,"Jhaukhel, Changunarayan-8, Bhaktapur"
House for Sale,3,2,Available,2,11 ft," 16,500,000.00 ",1048,"Lokanthali, Madhyapur Thimi-20, Bhaktapur"
House for Sale,5,3,Available,3,17 ft," 16,500,000.00 ",2548,"Duwakot, Changunarayan-12, Bhaktapur"
House for Sale,3,1,Not Available,2,12 ft," 16,682,000.00 ",1955,"Sankhu, Changunarayan-20, Bhaktapur"
House for Sale,4,1,Not Available,2,16 ft," 19,342,000.00 ",1452,"Sanothimi, Madhyapur Thimi-32, Bhaktapur"
House for Sale,4,2,Available,1,31 ft," 37,543,000.00 ",2013,"Jhaukhel, Changunarayan-2, Bhaktapur"
House for Sale,3,2,Available,2,10 ft," 21,882,000.00 ",800,"Suryabinayak, Bhaktapur-19, Bhaktapur"
House for Sale,4,3,Available,2,24 ft," 17,589,000.00 ",1801,"Sallaghari, Bhaktapur-32, Bhaktapur"
House for Sale,5,3,Not Available,2,10 ft," 26,754,000.00 ",1931,"Thimi, Madhyapur Thimi-13, Bhaktapur"
House for Sale,5,2,Available,4,23 ft," 16,500,000.00 ",2169,"Kamalbinayak, Bhaktapur-2, Bhaktapur"
House for Sale,3,2,Available,4,11 ft," 21,098,000.00 ",1394,"Tathali, Changunarayan-11, Bhaktapur"
House for Sale,5,5,Available,3,25 ft," 26,135,000.00 ",1834,"Suryabinayak, Bhaktapur-15, Bhaktapur"
House for Sale,3,2,Available,2,24 ft," 16,500,000.00 ",1429,"Thimi, Madhyapur Thimi-10, Bhaktapur"
House for Sale,3,2,Available,3,14 ft," 30,338,000.00 ",1902,"Sankhu, Changunarayan-16, Bhaktapur"
House for Sale,3,2,Not Available,2,31 ft," 21,984,000.00 ",1441,"Suryabinayak, Bhaktapur-30, Bhaktapur"
House for Sale,6,3,Available,3,30 ft," 16,500,000.00 ",1636,"Sallaghari, Bhaktapur-29, Bhaktapur"
House for Sale,3,3,Available,2,12 ft," 24,730,000.00 ",1401,"Sankhu, Changunarayan-30, Bhaktapur"
House for Sale,3,2,Available,3,19 ft," 47,617,000.00 ",2060,"Tathali, Changunarayan-32, Bhaktapur"
House for Sale,4,1,Not Available,2,24 ft," 20,649,000.00 ",2143,"Duwakot, Changunarayan-1, Bhaktapur"
House for Sale,3,3,Available,3,30 ft," 21,204,000.00 ",1706,"Dattatreya, Bhaktapur-13, Bhaktapur"
House for Sale,2,3,Available,4,20 ft," 16,500,000.00 ",1815,"Jhaukhel, Changunarayan-19, Bhaktapur"
House for Sale,3,2,Not Available,2,30 ft," 16,500,000.00 ",1220,"Dattatreya, Bhaktapur-2, Bhaktapur"
House for Sale,3,5,Not Available,2,32 ft," 26,764,000.00 ",1680,"Sallaghari, Bhaktapur-26, Bhaktapur"
House for Sale,3,2,Not Available,4,10 ft," 16,500,000.00 ",1779,"Duwakot, Changunarayan-11, Bhaktapur"
House for Sale,3,2,Not Available,2,16 ft," 19,758,000.00 ",2848,"Jhaukhel, Changunarayan-24, Bhaktapur"
House for Sale,4,4,Available,3,24 ft," 16,500,000.00 ",1355,"Dattatreya, Bhaktapur-30, Bhaktapur"
House for Sale,3,2,Not Available,2,24 ft," 23,255,000.00 ",2385,"Sankhu, Changunarayan-30, Bhaktapur"
House for Sale,3,3,Available,2,27 ft," 21,941,000.00 ",2198,"Suryabinayak, Bhaktapur-8, Bhaktapur"
House for Sale,5,2,Not Available,2,23 ft," 29,076,000.00 ",1912,"Kamalbinayak, Bhaktapur-7, Bhaktapur"
House for Sale,3,2,Not Available,2,32 ft," 16,500,000.00 ",2503,"Jhaukhel, Changunarayan-16, Bhaktapur"
House for Sale,4,5,Not Available,3,29 ft," 17,235,000.00 ",1948,"Sankhu, Changunarayan-1, Bhaktapur"
House for Sale,3,2,Available,2,20 ft," 16,500,000.00 ",1955,"Gatthaghar, Madhyapur Thimi-14, Bhaktapur"
House for Sale,3,4,Available,2,26 ft," 16,500,000.00 ",1778,"Duwakot, Changunarayan-12, Bhaktapur"
House for Sale,2,2,Available,2,24 ft," 22,328,000.00 ",2289,"Sallaghari, Bhaktapur-10, Bhaktapur"
House for Sale,3,2,Not Available,2,11 ft," 25,990,000.00 ",2238,"Jhaukhel, Changunarayan-27, Bhaktapur"
House for Sale,3,1,Not Available,3,19 ft," 16,500,000.00 ",1549,"Duwakot, Changunarayan-14, Bhaktapur"
House for Sale,3,3,Available,4,16 ft," 27,187,000.00 ",1272,"Tathali, Changunarayan-19, Bhaktapur"
House for Sale,2,2,Available,2,26 ft," 33,022,000.00 ",1718,"Tathali, Changunarayan-4, Bhaktapur"
House for Sale,3,4,Available,3,19 ft," 22,653,000.00 ",1479,"Sallaghari, Bhaktapur-18, Bhaktapur"
House for Sale,3,2,Not Available,3,16 ft," 40,676,000.00 ",1774,"Lokanthali, Madhyapur Thimi-16, Bhaktapur"
House for Sale,3,5,Not Available,2,14 ft," 16,500,000.00 ",2294,"Gatthaghar, Madhyapur Thimi-28, Bhaktapur"
House for Sale,3,2,Available,4,21 ft," 16,500,000.00 ",1617,"Kamalbinayak, Bhaktapur-17, Bhaktapur"
House for Sale,4,4,Available,2,27 ft," 16,500,000.00 ",1782,"Thimi, Madhyapur Thimi-17, Bhaktapur"
House for Sale,4,3,Not Available,2,26 ft," 34,929,000.00 ",1823,"Suryabinayak, Bhaktapur-21, Bhaktapur"
House for Sale,2,3,Not Available,3,22 ft," 24,945,000.00 ",2139,"Sankhu, Changunarayan-4, Bhaktapur"
House for Sale,4,4,Available,2,23 ft," 18,778,000.00 ",901,"Suryabinayak, Bhaktapur-10, Bhaktapur"
House for Sale,4,3,Available,3,28 ft," 21,475,000.00 ",1557,"Lokanthali, Madhyapur Thimi-24, Bhaktapur"
House for Sale,2,3,Available,3,12 ft," 16,500,000.00 ",1884,"Lokanthali, Madhyapur Thimi-22, Bhaktapur"
House for Sale,5,2,Available,1,10 ft," 51,071,000.00 ",2280,"Gatthaghar, Madhyapur Thimi-29, Bhaktapur"
House for Sale,5,1,Available,3,19 ft," 20,219,000.00 ",1603,"Suryabinayak, Bhaktapur-2, Bhaktapur"
House for Sale,2,4,Available,2,32 ft," 20,059,000.00 ",1049,"Thimi, Madhyapur Thimi-6, Bhaktapur"
House for Sale,3,3,Not Available,2,27 ft," 25,667,000.00 ",2047,"Gatthaghar, Madhyapur Thimi-7, Bhaktapur"
House for Sale,5,3,Available,3,28 ft," 23,273,000.00 ",1545,"Tathali, Changunarayan-16, Bhaktapur"
House for Sale,4,2,Not Available,4,11 ft," 20,999,000.00 ",1324,"Gatthaghar, Madhyapur Thimi-13, Bhaktapur"
House for Sale,3,2,Available,1,28 ft," 16,500,000.00 ",1550,"Suryabinayak, Bhaktapur-9, Bhaktapur"
House for Sale,3,2,Available,2,30 ft," 23,185,000.00 ",1726,"Kamalbinayak, Bhaktapur-26, Bhaktapur"
House for Sale,3,3,Available,3,23 ft," 40,761,000.00 ",1558,"Suryabinayak, Bhaktapur-8, Bhaktapur"
House for Sale,3,2,Available,3,32 ft," 32,887,000.00 ",917,"Duwakot, Changunarayan-11, Bhaktapur"
House for Sale,4,2,Not Available,3,14 ft," 36,313,000.00 ",2158,"Gatthaghar, Madhyapur Thimi-6, Bhaktapur"
House for Sale,3,2,Not Available,2,20 ft," 16,500,000.00 ",2309,"Sankhu, Changunarayan-16, Bhaktapur"
House for Sale,3,1,Available,2,28 ft," 16,500,000.00 ",2060,"Gatthaghar, Madhyapur Thimi-19, Bhaktapur"
House for Sale,4,3,Available,2,17 ft," 18,258,000.00 ",1344,"Kamalbinayak, Bhaktapur-2, Bhaktapur"
House for Sale,2,2,Not Available,3,14 ft," 19,633,000.00 ",1719,"Sallaghari, Bhaktapur-11, Bhaktapur"
House for Sale,3,3,Available,2,21 ft," 29,743,000.00 ",1797,"Budhanilkantha, Budhanilkantha-8, Kathmandu"
House for Sale,4,2,Available,2,12 ft," 16,500,000.00 ",2039,"Boudha, Gokarneshwor-3, Kathmandu"
